source,external_id,description
ONGC,ONGC-1042,Bearing 6205
BHEL,BHEL-2201,6205 Deep Groove Ball Bearing
NTPC,NTPC-0091,"BALL BEARING, 6205"
SAIL,SAIL-8205,SKF 6205 BEARING
ONGC,ONGC-1043,Bearing 6206
NTPC,NTPC-0092,Deep groove ball bearing 6206
BHEL,BHEL-0101,SS Bolt M10 x 50 mm Grade 8.8
SAIL,SAIL-1412,Stainless Steel Hex Bolt M10 x 5 cm Gr 8.8
ONGC,ONGC-0113,M10 x 50mm stainless steel hexagonal bolt grade 8.8
NTPC,NTPC-1211,SS Hex Bolt M10 x 60 mm Grade 8.8
BHEL,BHEL-3023,MS Pipe DN50 PN16
SAIL,SAIL-3314,Mild Steel Pipe DN 50 Pressure PN16
ONGC,ONGC-0031,Mild Steel Pipe DN50 PN25
NTPC,NTPC-4001,Copper Cable 2.5 sq mm 3 core
BHEL,BHEL-4002,3 Core Copper Cable 2.5 mm2
SAIL,SAIL-4600,3 Core Copper Cable 4 sqmm
